id,title,description,thumbnail_url,infographic_url,url,path
d5a72e8f-d301-4c67-9074-4b301983aad6,Pregnancy Trimesters for Fathers,"In this infographic, learn about what to expect your partner to experience throughout pregnancy.",https://oliviahealth.org/wp-content/uploads/2023/03/Trimesters-for-Fathers.png,https://oliviahealth.org/wp-content/uploads/2023/03/Trimesters-Explained-for-Fathers-Infographic_NC.png,https://oliviahealth.org/2023/03/28/trimesters-for-fathers/,infographics/d5a72e8f-d301-4c67-9074-4b301983aad6-Trimesters-Explained-for-Fathers-Infographic_NC.png
b00fcd6f-0232-42f2-b599-a402c996ec57,Body Image After Pregnancy,,,https://oliviahealth.org/wp-content/uploads/Body-Image-After-Pregnancy_NC.pdf,,infographics/b00fcd6f-0232-42f2-b599-a402c996ec57-Body-Image-After-Pregnancy_NC.pdf
76932e28-31b7-449b-863b-22dd235f54dd,PP Mastitis,,,https://oliviahealth.org/wp-content/uploads/PP-Mastitis_BB.pdf,,infographics/76932e28-31b7-449b-863b-22dd235f54dd-PP-Mastitis_BB.pdf
0f085440-9d88-4b44-a925-c0ebb84d9ef1,Pap Smears Infographic,,,https://oliviahealth.org/wp-content/uploads/Pap-Smears-Infographic_BB.pdf,,infographics/0f085440-9d88-4b44-a925-c0ebb84d9ef1-Pap-Smears-Infographic_BB.pdf
fcdb14a9-d4c6-46a9-9169-ef3caaf93959,Pica During Pregnancy Infographic,,,https://oliviahealth.org/wp-content/uploads/Pica-During-Pregnancy-Infographic_BB.pdf,,infographics/fcdb14a9-d4c6-46a9-9169-ef3caaf93959-Pica-During-Pregnancy-Infographic_BB.pdf
0f87a11e-463c-446b-b7ff-67481b860c9e,What Is Ovulation Infographic,,,https://oliviahealth.org/wp-content/uploads/2023/04/WhatIsOvulationInfographic_BB.png,,infographics/0f87a11e-463c-446b-b7ff-67481b860c9e-WhatIsOvulationInfographic_BB.png
43fb0c4d-aced-4f40-a323-47b7a3a55225,Cervical Os,,,https://oliviahealth.org/wp-content/uploads/Cervical-Os_BB.pdf,,infographics/43fb0c4d-aced-4f40-a323-47b7a3a55225-Cervical-Os_BB.pdf
0db8c1cb-c6eb-4d03-bf34-17dcc924e32f,Skin To Skin,,,https://oliviahealth.org/wp-content/uploads/Skin-To-Skin_BB.pdf,,infographics/0db8c1cb-c6eb-4d03-bf34-17dcc924e32f-Skin-To-Skin_BB.pdf
a7f626cf-cd4f-466a-aeb7-6a4957a9c764,Menstrual Cycle Adolescents,,,https://oliviahealth.org/wp-content/uploads/Menstrual-Cycle-Adolescents_BB.pdf,,infographics/a7f626cf-cd4f-466a-aeb7-6a4957a9c764-Menstrual-Cycle-Adolescents_BB.pdf
fff66a77-1651-4205-b937-417af57a358e,Postpartum Recovery,,,https://oliviahealth.org/wp-content/uploads/Postpartum-Recovery_BB.pdf,,infographics/fff66a77-1651-4205-b937-417af57a358e-Postpartum-Recovery_BB.pdf
ff7f665c-ac4e-4001-bb3b-ff677e22688a,Baby Eczema Infographic,,,https://oliviahealth.org/wp-content/uploads/Baby-Eczema-Infographic_BB.pdf,,infographics/ff7f665c-ac4e-4001-bb3b-ff677e22688a-Baby-Eczema-Infographic_BB.pdf
92e9ba19-a912-4326-8d95-1a6d3c26a4ce,Fetal NST,,,https://oliviahealth.org/wp-content/uploads/Fetal-NST_BB.pdf,,infographics/92e9ba19-a912-4326-8d95-1a6d3c26a4ce-Fetal-NST_BB.pdf
ab9a8a8e-9cf1-42e6-aa6f-e131ea340e36,Leaking Breasts,,,https://oliviahealth.org/wp-content/uploads/Leaking-Breasts_BB.pdf,,infographics/ab9a8a8e-9cf1-42e6-aa6f-e131ea340e36-Leaking-Breasts_BB.pdf
ec494cc7-72a7-4e61-964f-b7fa484b940e,Contractions Infographic,,,https://oliviahealth.org/wp-content/uploads/Contractions-Infographic_BB.pdf,,infographics/ec494cc7-72a7-4e61-964f-b7fa484b940e-Contractions-Infographic_BB.pdf
6900b641-413a-4772-b382-abf1ac24d885,Mom Guilt,,,https://oliviahealth.org/wp-content/uploads/Mom-Guilt_BB.pdf,,infographics/6900b641-413a-4772-b382-abf1ac24d885-Mom-Guilt_BB.pdf
7cb7d76c-08f0-4f1d-8024-41abb6c56b1a,Molar Pregnancy,,,https://oliviahealth.org/wp-content/uploads/Molar-Pregnancy-original.pdf,,infographics/7cb7d76c-08f0-4f1d-8024-41abb6c56b1a-Molar-Pregnancy-original.pdf
3376d299-45dc-4b60-80f5-51bf2cf22f53,Quad Screening,,,https://oliviahealth.org/wp-content/uploads/Quad-Screening_BB.pdf,,infographics/3376d299-45dc-4b60-80f5-51bf2cf22f53-Quad-Screening_BB.pdf
d8664361-79a6-4720-83e7-734965eb4ff7,Adolescent Health High Risk Behavior,,,https://oliviahealth.org/wp-content/uploads/Adolescent-Health-High-Risk-Behavior_NC.pdf,,infographics/d8664361-79a6-4720-83e7-734965eb4ff7-Adolescent-Health-High-Risk-Behavior_NC.pdf
321394bf-f90a-4489-ad33-d5afb0690119,Perinatal Depression Treatment Options,,,https://oliviahealth.org/wp-content/uploads/Perinatal-depression-treatment-options_NC.pdf,,infographics/321394bf-f90a-4489-ad33-d5afb0690119-Perinatal-depression-treatment-options_NC.pdf
d71bfed2-aa36-4a45-a18a-9bf3a7d9a5c4,SIDS,,,https://oliviahealth.org/wp-content/uploads/SIDS-1.pdf,,infographics/d71bfed2-aa36-4a45-a18a-9bf3a7d9a5c4-SIDS-1.pdf
c3989494-2532-48cd-a3cf-86e33b2524f3,Safe Exercises During Pregnancy,,,https://oliviahealth.org/wp-content/uploads/Safe-exercises-during-pregnancy_NC.pdf,,infographics/c3989494-2532-48cd-a3cf-86e33b2524f3-Safe-exercises-during-pregnancy_NC.pdf
4ced7e0b-512a-4dd7-8025-f23acaad5c48,Thrush Infographic,,,https://oliviahealth.org/wp-content/uploads/Thrush-infographic_NC.pdf,,infographics/4ced7e0b-512a-4dd7-8025-f23acaad5c48-Thrush-infographic_NC.pdf
78debedf-6456-49e7-adbb-db125dbda616,Cost To Have Baby Infographic,,,https://oliviahealth.org/wp-content/uploads/Cost-To-Have-Baby-Infographic_BB.pdf,,infographics/78debedf-6456-49e7-adbb-db125dbda616-Cost-To-Have-Baby-Infographic_BB.pdf
f6ce2461-6dee-41ba-bba4-d9d375ae9fc9,Postpartum Psychosis,,,https://oliviahealth.org/wp-content/uploads/Postpartum-Psychosis-1.pdf,,infographics/f6ce2461-6dee-41ba-bba4-d9d375ae9fc9-Postpartum-Psychosis-1.pdf
20f3a1dd-1be0-4374-85f0-f1459b35b165,What To Expect At The Hospital For A Stillbirth,,,https://oliviahealth.org/wp-content/uploads/What-to-Expect-at-the-Hospital-for-a-Stillbirth_NC-1.pdf,,infographics/20f3a1dd-1be0-4374-85f0-f1459b35b165-What-to-Expect-at-the-Hospital-for-a-Stillbirth_NC-1.pdf
aa03e3ca-ab36-4c30-8f23-6d5bd7814c2c,Ways To Manage Anxiety During Pregnancy,,,https://oliviahealth.org/wp-content/uploads/Ways-to-Manage-Anxiety-during-Pregnancy_NC.pdf,,infographics/aa03e3ca-ab36-4c30-8f23-6d5bd7814c2c-Ways-to-Manage-Anxiety-during-Pregnancy_NC.pdf
a3a71f65-bce2-4d7a-8764-3b535ed7bf33,Rh Factor And Rho GAM Infographic,,,https://oliviahealth.org/wp-content/uploads/Rh-Factor-And-Rho-GAM-Infographic_BB.pdf,,infographics/a3a71f65-bce2-4d7a-8764-3b535ed7bf33-Rh-Factor-And-Rho-GAM-Infographic_BB.pdf
41dd3b96-3a98-477b-baa8-37b8b37d9216,Postpartum Hemorrhage,,,https://oliviahealth.org/wp-content/uploads/Postpartum-Hemorrhage_BB.pdf,,infographics/41dd3b96-3a98-477b-baa8-37b8b37d9216-Postpartum-Hemorrhage_BB.pdf
1d259da6-5d01-4a64-9cbc-dc4326be5dc4,Managing Mom Guilt Infographic,,,https://oliviahealth.org/wp-content/uploads/Managing-Mom-Guilt-Infographic_BB.pdf,,infographics/1d259da6-5d01-4a64-9cbc-dc4326be5dc4-Managing-Mom-Guilt-Infographic_BB.pdf
42439efd-43e8-47df-b868-2727ce2bb338,Postpartum Exercise,,,https://oliviahealth.org/wp-content/uploads/Postpartum-Exercise_BB.pdf,,infographics/42439efd-43e8-47df-b868-2727ce2bb338-Postpartum-Exercise_BB.pdf
b00fa085-422e-4b5e-917d-d146001fb22c,Postpartum Bipolar Disorder,,,https://oliviahealth.org/wp-content/uploads/Postpartum-Bipolar-Disorder_BB.pdf,,infographics/b00fa085-422e-4b5e-917d-d146001fb22c-Postpartum-Bipolar-Disorder_BB.pdf
b2f9e5f9-d251-4122-b48d-286dd3eb75cb,PTSD With Pregnancy,,,https://oliviahealth.org/wp-content/uploads/PTSD-with-pregnancy_NC.pdf,,infographics/b2f9e5f9-d251-4122-b48d-286dd3eb75cb-PTSD-with-pregnancy_NC.pdf
01470418-6c36-456e-adc6-797c6706f2db,Preconception Checkup,,,https://oliviahealth.org/wp-content/uploads/Preconception-Checkup_BB.pdf,,infographics/01470418-6c36-456e-adc6-797c6706f2db-Preconception-Checkup_BB.pdf
2b837aa7-2ea2-415f-ad1c-f1a70c5d2d13,Benefits Of Exercise During Pregnancy,,,https://oliviahealth.org/wp-content/uploads/Benefits-of-exercise-during-pregnancy_NC.pdf,,infographics/2b837aa7-2ea2-415f-ad1c-f1a70c5d2d13-Benefits-of-exercise-during-pregnancy_NC.pdf
7b047eda-ce97-4c28-92bf-a3ac5124bc12,Eating Disorders,,,https://oliviahealth.org/wp-content/uploads/Eating-Disorders_NC.pdf,,infographics/7b047eda-ce97-4c28-92bf-a3ac5124bc12-Eating-Disorders_NC.pdf
2c95d608-c0e3-4bea-8b6c-6824915de923,Breech Birth Infographic,,,https://oliviahealth.org/wp-content/uploads/Breech-Birth-Infographic_BB.pdf,,infographics/2c95d608-c0e3-4bea-8b6c-6824915de923-Breech-Birth-Infographic_BB.pdf
95421b72-0a40-43d5-91b7-796c77350df6,Stages Of Labor,,,https://oliviahealth.org/wp-content/uploads/Stages-Of-Labor_BB.pdf,,infographics/95421b72-0a40-43d5-91b7-796c77350df6-Stages-Of-Labor_BB.pdf
7a0c3321-4d15-476c-b89b-f5a98f18c591,Adoption For Birth Parents Infographic,,,https://oliviahealth.org/wp-content/uploads/Adoption-For-Birth-Parents-Infographic_BB.pdf,,infographics/7a0c3321-4d15-476c-b89b-f5a98f18c591-Adoption-For-Birth-Parents-Infographic_BB.pdf
61b39f72-9718-477b-ba4b-7125cd5c2989,Baby Proof Infographic,,,https://oliviahealth.org/wp-content/uploads/Baby-Proof-Infographic_BB.pdf,,infographics/61b39f72-9718-477b-ba4b-7125cd5c2989-Baby-Proof-Infographic_BB.pdf
ef078315-a3ed-45c8-bdae-fee8519e0a07,Signs Of Ovulation,,,https://oliviahealth.org/wp-content/uploads/Signs-of-Ovulation_BB.pdf,,infographics/ef078315-a3ed-45c8-bdae-fee8519e0a07-Signs-of-Ovulation_BB.pdf
9208dddd-5249-4614-9ee9-caf329ce6637,Signs Of Labor,,,https://oliviahealth.org/wp-content/uploads/Signs-Of-Labor_BB-1.pdf,,infographics/9208dddd-5249-4614-9ee9-caf329ce6637-Signs-Of-Labor_BB-1.pdf
36fee63b-234b-43b4-aa4b-3885df2731a9,Dads And PPD,,,https://oliviahealth.org/wp-content/uploads/Dads-And-PPD_BB.pdf,,infographics/36fee63b-234b-43b4-aa4b-3885df2731a9-Dads-And-PPD_BB.pdf
fa9ff012-9f1b-43ba-8489-af918a2d491b,Neonatal Opioid Withdrawal Syndrome,,,https://oliviahealth.org/wp-content/uploads/Neonatal-opioid-withdrawl-sydnrome.pdf,,infographics/fa9ff012-9f1b-43ba-8489-af918a2d491b-Neonatal-opioid-withdrawl-sydnrome.pdf
b3844061-23ae-41c9-b331-d4f0f547e9b9,Postpartum UTI,,,https://oliviahealth.org/wp-content/uploads/Postpartum-UTI_BB.pdf,,infographics/b3844061-23ae-41c9-b331-d4f0f547e9b9-Postpartum-UTI_BB.pdf
a10d1b33-1531-4ca2-9955-085a58902fc6,Circumcisions,,,https://oliviahealth.org/wp-content/uploads/Circumcisions_BB.pdf,,infographics/a10d1b33-1531-4ca2-9955-085a58902fc6-Circumcisions_BB.pdf
b2b46f76-9909-4a3f-a58d-9535e900637e,Can You Get Pregnant On Your Period Infographic,,,https://oliviahealth.org/wp-content/uploads/2023/04/CanYouGetPregnantOnYourPeriodInfographic_BB-1-1.png,,infographics/b2b46f76-9909-4a3f-a58d-9535e900637e-CanYouGetPregnantOnYourPeriodInfographic_BB-1-1.png
f749be3c-e32f-4d5e-a94b-6b19591cdb38,Preeclampsia Infographic,,,https://oliviahealth.org/wp-content/uploads/Preeclampsia-Infographic_BB.pdf,,infographics/f749be3c-e32f-4d5e-a94b-6b19591cdb38-Preeclampsia-Infographic_BB.pdf
1eb5b577-3140-4c8e-b892-87a0abe52352,Types Of Breech,,,https://oliviahealth.org/wp-content/uploads/Types-Of-Breech_BB.pdf,,infographics/1eb5b577-3140-4c8e-b892-87a0abe52352-Types-Of-Breech_BB.pdf
6c3bc6ab-9170-4c84-87bc-55a287cdd250,Blood Clots Pregnancy,,,https://oliviahealth.org/wp-content/uploads/Blood-Clots-Pregnancy_BB.pdf,,infographics/6c3bc6ab-9170-4c84-87bc-55a287cdd250-Blood-Clots-Pregnancy_BB.pdf
8164ab26-0392-40fa-87f6-9e1d0ba1be9b,What To Expect As A Father Of A Premature Baby,,,https://oliviahealth.org/wp-content/uploads/What-to-Expect-as-a-Father-of-a-Premature-Baby-Infographic_NC.pdf,,infographics/8164ab26-0392-40fa-87f6-9e1d0ba1be9b-What-to-Expect-as-a-Father-of-a-Premature-Baby-Infographic_NC.pdf
01311725-311f-4395-a313-ddd92e45b46c,Amniocentesis,,,https://oliviahealth.org/wp-content/uploads/Amniocentesis_BB.pdf,,infographics/01311725-311f-4395-a313-ddd92e45b46c-Amniocentesis_BB.pdf
50fee4c5-df02-434f-ac07-aed7ca33d6fb,Calculating Due Date Infographic,,,https://oliviahealth.org/wp-content/uploads/2023/04/CalculatingDueDateInfographic_BB.pdf,,infographics/50fee4c5-df02-434f-ac07-aed7ca33d6fb-CalculatingDueDateInfographic_BB.pdf
5f2f79d5-1677-4332-9825-f3aa8ca5c459,Low Libido,,,https://oliviahealth.org/wp-content/uploads/Low-Libido_BB.pdf,,infographics/5f2f79d5-1677-4332-9825-f3aa8ca5c459-Low-Libido_BB.pdf
3c9872ea-af2a-4e9d-aed0-b0b14cc9b56c,Postpartum Preeclampsia,,,https://oliviahealth.org/wp-content/uploads/Preeclampsia-Infographic_BB.pdf,,infographics/3c9872ea-af2a-4e9d-aed0-b0b14cc9b56c-Preeclampsia-Infographic_BB.pdf
938ba79b-c54a-4c50-bc49-bb44dc515d2d,Ways To Manage Grief From A Stillbirth,,,https://oliviahealth.org/wp-content/uploads/Ways-to-manage-grief-from-a-stillbirth_NC.pdf,,infographics/938ba79b-c54a-4c50-bc49-bb44dc515d2d-Ways-to-manage-grief-from-a-stillbirth_NC.pdf
ceaff104-cbd9-4d4c-ae74-701c43874496,Balancing Work And Baby,,,https://oliviahealth.org/wp-content/uploads/Balancing-Work-And-Baby_BB.pdf,,infographics/ceaff104-cbd9-4d4c-ae74-701c43874496-Balancing-Work-And-Baby_BB.pdf
9f3f0344-bc1f-4fa4-b49f-19939e8b9ee8,Water Breaking Early,,,https://oliviahealth.org/wp-content/uploads/Water-Breaking-Early_BB.pdf,,infographics/9f3f0344-bc1f-4fa4-b49f-19939e8b9ee8-Water-Breaking-Early_BB.pdf
945b28ac-ed26-4e54-8afc-c31c2e2ddb83,Breast Milk Coming In,,,https://oliviahealth.org/wp-content/uploads/Breast-Milk-Coming-In_BB.pdf,,infographics/945b28ac-ed26-4e54-8afc-c31c2e2ddb83-Breast-Milk-Coming-In_BB.pdf
599f3c29-972b-47b2-a248-f010b36bd778,Ectopic Pregnancy Infographic,,,https://oliviahealth.org/wp-content/uploads/2023/04/EctopicPregnancyInfographic_BB-1.pdf,,infographics/599f3c29-972b-47b2-a248-f010b36bd778-EctopicPregnancyInfographic_BB-1.pdf
5269cf6a-2fff-4904-b041-2c14ae8f471a,Skin Changes,,,https://oliviahealth.org/wp-content/uploads/Skin-Changes_BB.pdf,,infographics/5269cf6a-2fff-4904-b041-2c14ae8f471a-Skin-Changes_BB.pdf
8d2c738f-69a9-44cb-b515-92e4c133c4d8,Postpartum OCD,,,https://oliviahealth.org/wp-content/uploads/Postpartum-OCD_BB.pdf,,infographics/8d2c738f-69a9-44cb-b515-92e4c133c4d8-Postpartum-OCD_BB.pdf
8cba6f64-7c11-4c8d-aecd-9a71fd7d92a9,Uterine Rupture Infographic,,,https://oliviahealth.org/wp-content/uploads/Uterine-Rupture-Infographic_BB.pdf,,infographics/8cba6f64-7c11-4c8d-aecd-9a71fd7d92a9-Uterine-Rupture-Infographic_BB.pdf
7beb71b6-a0b1-40e7-a769-0c71f0a1a00a,Common Worries For Parents,,,https://oliviahealth.org/wp-content/uploads/Common-worries-for-parents_NC.pdf,,infographics/7beb71b6-a0b1-40e7-a769-0c71f0a1a00a-Common-worries-for-parents_NC.pdf
1a051d33-1440-4931-91dc-b7e6a7a6afd3,Hyperemesis Gravidarum,,,https://oliviahealth.org/wp-content/uploads/Hyperemesis-Gravidarum_BB.pdf,,infographics/1a051d33-1440-4931-91dc-b7e6a7a6afd3-Hyperemesis-Gravidarum_BB.pdf
41c5ead5-e334-4bd3-a342-8e8f78db1ff2,What Are The Baby Blues,,,https://oliviahealth.org/wp-content/uploads/What-are-the-baby-blues_NC.pdf,,infographics/41c5ead5-e334-4bd3-a342-8e8f78db1ff2-What-are-the-baby-blues_NC.pdf
5d534def-c406-4a8a-8879-a1900a09cd22,Pregnancy Trimesters,"In this infographic, learn about the three pregnancy trimesters and what to expect in each trimester.",https://oliviahealth.org/wp-content/uploads/2023/03/Pregnancy-in-Trimesters.png,https://oliviahealth.org/wp-content/uploads/2023/03/PregnancyInTrimestersInfographic.png,https://oliviahealth.org/2023/03/28/pregnancy-in-trimesters/,infographics/5d534def-c406-4a8a-8879-a1900a09cd22-PregnancyInTrimestersInfographic.png
fe931c7e-47b3-4d1c-ad76-345a621b5e77,Signs of Pregnancy,"In this infographic, learn some of the common symptoms of early pregnancy.",https://oliviahealth.org/wp-content/uploads/2023/03/Signs-of-Pregnancy.png,https://oliviahealth.org/wp-content/uploads/2023/03/SignsYouMightBePregnantInfographic.png,https://oliviahealth.org/2023/03/28/signs-of-pregnancy-2/,infographics/fe931c7e-47b3-4d1c-ad76-345a621b5e77-SignsYouMightBePregnantInfographic.png
563bf08f-6907-423e-a502-b90085e0e663,Preparing for Labor,"In this infographic, learn about how to prepare for giving birth as you come upon your due date.",https://oliviahealth.org/wp-content/uploads/2023/03/Preparing-for-Labor.png,https://oliviahealth.org/wp-content/uploads/2023/03/PrepareForLaborInfographic.png,https://oliviahealth.org/2023/03/28/preparing-for-labor-2/,infographics/563bf08f-6907-423e-a502-b90085e0e663-PrepareForLaborInfographic.png
7b13a57d-3601-4e62-b216-c83ef65b542d,Maternal Anxiety,"In this infographic, learn about recognizing and preventing maternal anxiety.",https://oliviahealth.org/wp-content/uploads/2023/03/Maternal-Anxiety.png,https://oliviahealth.org/wp-content/uploads/2023/03/MaternalAnxietyInfographic.png,https://oliviahealth.org/2023/03/28/maternal-anxiety-2/,infographics/7b13a57d-3601-4e62-b216-c83ef65b542d-MaternalAnxietyInfographic.png
92d352c4-e3fb-450b-bd7a-c0ceb667848d,Father of a Premature Baby,"In this infographic, learn about what to expect as the father to a premature baby.",https://oliviahealth.org/wp-content/uploads/2023/03/Father-of-a-Premature-Baby.png,https://oliviahealth.org/wp-content/uploads/2023/03/What-to-Expect-as-a-Father-of-a-Premature-Baby-Infographic_NC.png,https://oliviahealth.org/2023/03/28/father-of-a-premature-baby-2/,infographics/92d352c4-e3fb-450b-bd7a-c0ceb667848d-What-to-Expect-as-a-Father-of-a-Premature-Baby-Infographic_NC.png
f31bd1ae-faa9-437d-b651-7335a6bca29d,Exercise After Birth,"In this infographic, learn about the benefits and types of postpartum exercise.",https://oliviahealth.org/wp-content/uploads/2023/03/Exercise-1.png,https://oliviahealth.org/wp-content/uploads/2023/03/ExerciseAfterGivingBirthInfographic.png,https://oliviahealth.org/2023/03/28/exercise-after-giving-birth/,infographics/f31bd1ae-faa9-437d-b651-7335a6bca29d-ExerciseAfterGivingBirthInfographic.png
011e6dcb-454a-4394-8276-0bb09e2f9706,C-Section vs. Vaginal Birth,"In this infographic, learn about differences between cesarean births and vaginal births.",https://oliviahealth.org/wp-content/uploads/2023/03/C-section-2.png,https://oliviahealth.org/wp-content/uploads/2023/03/CesareanVsVaginalBirthInfographic.png,https://oliviahealth.org/2023/03/28/cesarean-vs-vaginal-birth/,infographics/011e6dcb-454a-4394-8276-0bb09e2f9706-CesareanVsVaginalBirthInfographic.png
85633e86-9ef5-46c6-8f2b-3ee16efb4e67,Pregnancy Cravings,"In this infographic, learn about cravings and how to proceed with pregnancy cravings.",https://oliviahealth.org/wp-content/uploads/2023/03/Pregnancy-Cravings.png,https://oliviahealth.org/wp-content/uploads/2023/03/Pregnancy-cravings-Infographic_NC.png,https://oliviahealth.org/2023/03/28/pregnancy-cravings-2/,infographics/85633e86-9ef5-46c6-8f2b-3ee16efb4e67-Pregnancy-cravings-Infographic_NC.png
1de66787-78da-4464-bece-b8e116a90c4f,Breastmilk Pumping and Storing,"In this infographic, learn about how to pump and store breastmilk for your baby.",https://oliviahealth.org/wp-content/uploads/2023/03/Breastmilk-Pumping-and-Storing.png,https://oliviahealth.org/wp-content/uploads/2023/03/BreastmilkPumpingAndStoringInfographic.png,https://oliviahealth.org/2023/03/28/breastmilk-pumping-and-storing-2/,infographics/1de66787-78da-4464-bece-b8e116a90c4f-BreastmilkPumpingAndStoringInfographic.png
8ce50ceb-466a-4385-8b5b-dc9e77852b04,Baby Led Weaning,"In this infographic, learn about what baby led weaning is and how to begin baby led weaning.",https://oliviahealth.org/wp-content/uploads/2023/03/Baby-Led-Weaning.png,https://oliviahealth.org/wp-content/uploads/2023/03/BabyLedWeaningInfographic.png,https://oliviahealth.org/2023/03/28/baby-led-weaning-2/,infographics/8ce50ceb-466a-4385-8b5b-dc9e77852b04-BabyLedWeaningInfographic.png
35de3335-46ce-430d-b50c-f1c747388d5c,Allergies,"In this infographic, learn about allergic reactions and your baby.",https://oliviahealth.org/wp-content/uploads/2023/03/Allergies.png,https://oliviahealth.org/wp-content/uploads/2023/03/AllergiesInfographic.png,https://oliviahealth.org/2023/03/28/allergies-2/,infographics/35de3335-46ce-430d-b50c-f1c747388d5c-AllergiesInfographic.png
e674aa36-c27e-4f0e-896a-8739d6c0247c,Maternal Mortality,"In this infographic, learn about causes and prevention of maternal mortality.",https://oliviahealth.org/wp-content/uploads/2023/03/Maternal-Mortality.png,https://oliviahealth.org/wp-content/uploads/2023/03/MaternalMortalityInfographic.png,https://oliviahealth.org/2023/03/28/maternal-mortality-2/,infographics/e674aa36-c27e-4f0e-896a-8739d6c0247c-MaternalMortalityInfographic.png
fde3208c-a128-472e-a912-0a3907dbf8e6,Postpartum Birth Control,"In this infographic, learn about options for postpartum birth control.",https://oliviahealth.org/wp-content/uploads/2023/03/Postpartum-Birth-Control.png,https://oliviahealth.org/wp-content/uploads/2023/03/PostpartumBirthControlInfographic.png,https://oliviahealth.org/2023/03/28/postpartum-birth-control-2/,infographics/fde3208c-a128-472e-a912-0a3907dbf8e6-PostpartumBirthControlInfographic.png
821de99b-846d-44ae-9520-6d41f95f92fc,Postpartum Depression,"In this infographic, learn about causes and prevention of postpartum depression.",https://oliviahealth.org/wp-content/uploads/2023/03/Postpartum-Depression.png,https://oliviahealth.org/wp-content/uploads/2023/03/PostpartumDepressionInfographic.png,https://oliviahealth.org/2023/03/28/postpartum-depression-2/,infographics/821de99b-846d-44ae-9520-6d41f95f92fc-PostpartumDepressionInfographic.png
88dc4800-97bf-49bd-a0ed-5994a319e406,Vitamins and Supplements,"In this infographic, learn about vitamins and supplements to take during pregnancy.",https://oliviahealth.org/wp-content/uploads/2023/03/Vitamins-and-Supplements.png,https://oliviahealth.org/wp-content/uploads/2023/03/VitaminsAndSupplementsInfographic.png,https://oliviahealth.org/2023/03/28/vitamins-and-supplements-2/,infographics/88dc4800-97bf-49bd-a0ed-5994a319e406-VitaminsAndSupplementsInfographic.png
e2b6c165-919d-47de-94b4-b3deb6dab260,Breastfeeding vs. Formula Feeding,"In this infographic, learn about the differences between breastfeeding and formula feeding.",https://oliviahealth.org/wp-content/uploads/2023/03/Breastfeeding-vs.-Formula.png,https://oliviahealth.org/wp-content/uploads/2023/03/BreastfeedingVsFormulaFeedingInfographic.png,https://oliviahealth.org/2023/03/28/breastfeeding-vs-formula-feeding-2/,infographics/e2b6c165-919d-47de-94b4-b3deb6dab260-BreastfeedingVsFormulaFeedingInfographic.png
6dec5e4e-aa52-45f7-a1a3-211ea53539c0,How the Body Changes During Pregnancy,"In this infographic, learn about body changes that occur during pregnancy.",https://oliviahealth.org/wp-content/uploads/2023/03/Body-Changes-During-Pregnancy.png,https://oliviahealth.org/wp-content/uploads/2023/03/BodyChangesDuringPregnancyInfographic.png,https://oliviahealth.org/2023/03/28/bodily-changes-during-pregnancy-2/,infographics/6dec5e4e-aa52-45f7-a1a3-211ea53539c0-BodyChangesDuringPregnancyInfographic.png
de533f72-23cd-43d4-8979-e1ed8d2e2a01,Braxton Hicks Contractions,"In this infographic, learn about Braxton Hicks contractions.",https://oliviahealth.org/wp-content/uploads/2023/03/Braxton-Hicks.png,https://oliviahealth.org/wp-content/uploads/2023/03/Understanding-Braxton-Hicks-Contractions-Infographic_NC.png,https://oliviahealth.org/2023/03/28/understanding-braxton-hicks/,infographics/de533f72-23cd-43d4-8979-e1ed8d2e2a01-Understanding-Braxton-Hicks-Contractions-Infographic_NC.png
b59afcd0-cad8-4a83-890c-6e802d832470,Baby Teething,"In this infographic, learn tips for when your baby begins teething.",https://oliviahealth.org/wp-content/uploads/2023/04/baby-teething.png,https://oliviahealth.org/wp-content/uploads/2023/04/BabyTeethingInfographic_BB-1.png,https://oliviahealth.org/2023/04/10/baby-teething/,infographics/b59afcd0-cad8-4a83-890c-6e802d832470-BabyTeethingInfographic_BB-1.png
e02f7d87-3156-4a89-ae6c-509e61859e03,Bathing Your Baby,"In this infographic, learn about common concerns when bathing your baby.",https://oliviahealth.org/wp-content/uploads/2023/04/bathing-your-baby.png,https://oliviahealth.org/wp-content/uploads/2023/04/BathingYourBabyInfographic_BB-1.png,https://oliviahealth.org/2023/04/10/bathing-your-baby/,infographics/e02f7d87-3156-4a89-ae6c-509e61859e03-BathingYourBabyInfographic_BB-1.png
6ea36c0c-7a17-44e8-9329-7889052308f9,Can You Get Pregnant on Your Period?,"In this infographic, learn about how pregnancy relates to your period.",https://oliviahealth.org/wp-content/uploads/2023/04/can-you-get-pregnant-on-your-period.png,https://oliviahealth.org/wp-content/uploads/2023/04/CanYouGetPregnantOnYourPeriodInfographic_BB-1.png,https://oliviahealth.org/2023/04/10/can-you-get-pregnant-on-your-period/,infographics/6ea36c0c-7a17-44e8-9329-7889052308f9-CanYouGetPregnantOnYourPeriodInfographic_BB-1.png
b830a769-914a-4353-873a-ac84afb0744b,Pregnancy Weight Fluctuations,"In this infographic, learn about how much weight gain can be too much during pregnancy.",https://oliviahealth.org/wp-content/uploads/2023/04/how-much-weight-is-too-much.png,https://oliviahealth.org/wp-content/uploads/2023/04/How-much-weight-gain-is-too-much-infographic_NC-1.png,https://oliviahealth.org/2023/04/10/pregnancy-weight-fluctuations/,infographics/b830a769-914a-4353-873a-ac84afb0744b-How-much-weight-gain-is-too-much-infographic_NC-1.png
4b017f31-ecfd-41ea-ba9d-abcee58e3c2b,In Vitro Fertilization (IVF),"In this infographic, learn about in vitro fertilization (IVF) as an option for pregnancy.",https://oliviahealth.org/wp-content/uploads/2023/04/ivf.png,https://oliviahealth.org/wp-content/uploads/2023/04/In-Vitro-Fertilization-IVF-infographic_NC.png,https://oliviahealth.org/2023/04/10/in-vitro-fertilization-ivf/,infographics/4b017f31-ecfd-41ea-ba9d-abcee58e3c2b-In-Vitro-Fertilization-IVF-infographic_NC.png
98b7eed8-56dd-44b5-a1d3-5eef9d03741c,Risk Factors for Infertility,"In this infographic, learn about some risk factors for infertility.",https://oliviahealth.org/wp-content/uploads/2023/04/infertility-risk-factors.png,https://oliviahealth.org/wp-content/uploads/2023/04/Infertility-infographic_NC.png,https://oliviahealth.org/2023/04/10/risk-factors-for-infertility/,infographics/98b7eed8-56dd-44b5-a1d3-5eef9d03741c-Infertility-infographic_NC.png
958f37e6-0bd6-4334-bf04-e9df054405b8,Insulin Use in Pregnancy,"In this infographic, learn about how to use insulin for diabetes during pregnancy.",https://oliviahealth.org/wp-content/uploads/2023/04/insulin-use-in-pregnancy.png,https://oliviahealth.org/wp-content/uploads/2023/04/Insulin-use-in-pregnancy-infographic_NC-1-1.png,https://oliviahealth.org/2023/04/10/insulin-use-in-pregnancy/,infographics/958f37e6-0bd6-4334-bf04-e9df054405b8-Insulin-use-in-pregnancy-infographic_NC-1-1.png
daf7ae13-73ea-4c84-94fa-940f98a5efdb,Stretch Marks,"In this infographic, learn about factors that affect stretch marks during pregnancy.",https://oliviahealth.org/wp-content/uploads/2023/04/understanding-stretch-marks.png,https://oliviahealth.org/wp-content/uploads/2023/04/Stretch-marks-infographic_NC.png,https://oliviahealth.org/2023/04/10/understanding-stretch-marks/,infographics/daf7ae13-73ea-4c84-94fa-940f98a5efdb-Stretch-marks-infographic_NC.png
3f370d95-1da9-412b-85c7-8ec2dcc29422,Vaginal Discharge,"In this infographic, learn about different types of discharge and what they mean.",https://oliviahealth.org/wp-content/uploads/2023/04/vaginal-discharge.png,https://oliviahealth.org/wp-content/uploads/2023/04/TypesOfDischargeInfographic_BB-1.png,https://oliviahealth.org/2023/04/10/vaginal-discharge/,infographics/3f370d95-1da9-412b-85c7-8ec2dcc29422-TypesOfDischargeInfographic_BB-1.png
172d69b6-8212-4a35-8424-8a4299ec1f55,What Your Cramps Could Mean,"In this infographic, learn about what your cramps could mean other than your period.",https://oliviahealth.org/wp-content/uploads/2023/04/what-cramps-could-mean.png,https://oliviahealth.org/wp-content/uploads/2023/04/WhatYourCrampsCouldMeanInfographic_BB.png,https://oliviahealth.org/2023/04/10/what-cramps-could-mean/,infographics/172d69b6-8212-4a35-8424-8a4299ec1f55-WhatYourCrampsCouldMeanInfographic_BB.png
2a44cba8-7ea5-4031-af43-f6ab634e251d,Tips for Getting Pregnant Faster,"In this infographic, learn different ways to get pregnant faster.",https://oliviahealth.org/wp-content/uploads/2023/04/tips-for-pregnancy.png,https://oliviahealth.org/wp-content/uploads/2023/04/TipsForGettingPregnantFasterInfographic_BB.png,https://oliviahealth.org/2023/04/10/tips-for-getting-pregnant-faster/,infographics/2a44cba8-7ea5-4031-af43-f6ab634e251d-TipsForGettingPregnantFasterInfographic_BB.png
e2115147-110b-44a8-98ee-3767154ee814,Shaken Baby Syndrome,"In this infographic, learn about signs and symptoms of shaken baby syndrome.",https://oliviahealth.org/wp-content/uploads/2023/04/shaken-baby-syndrome.png,https://oliviahealth.org/wp-content/uploads/2023/04/ShakenBabySyndromeInfographic_BB.png,https://oliviahealth.org/2023/04/10/shaken-baby-syndrome/,infographics/e2115147-110b-44a8-98ee-3767154ee814-ShakenBabySyndromeInfographic_BB.png
fb558fbb-7edf-4372-a179-87409303bfeb,What is Ovulation,"In this infographic, learn about the process and timing of ovulation.",https://oliviahealth.org/wp-content/uploads/2023/04/what-is-ovulation.png,https://oliviahealth.org/wp-content/uploads/2023/04/WhatIsOvulationInfographic_BB.png,https://oliviahealth.org/2023/04/13/what-is-ovulation-2/,infographics/fb558fbb-7edf-4372-a179-87409303bfeb-WhatIsOvulationInfographic_BB.png
d5fdcc80-8339-4c84-94f4-b9fe9341acd8,Potty Training,"In this infographic, learn different strategies for potty training your toddler.",https://oliviahealth.org/wp-content/uploads/2023/04/potty-train.png,https://oliviahealth.org/wp-content/uploads/2023/04/PottyTrainingInfographic_BB-1.png,https://oliviahealth.org/2023/04/18/potty-training/,infographics/d5fdcc80-8339-4c84-94f4-b9fe9341acd8-PottyTrainingInfographic_BB-1.png
4127a3e1-41f7-4443-849b-98b6a4caeb4b,Kegel Exercises,"In this infographic, learn about the benefits of kegel exercises and tips to safely practice them.",https://oliviahealth.org/wp-content/uploads/2023/04/kegel.png,https://oliviahealth.org/wp-content/uploads/2023/04/KegelExercisesInfographic_BB.png,https://oliviahealth.org/2023/04/18/kegel-exercises/,infographics/4127a3e1-41f7-4443-849b-98b6a4caeb4b-KegelExercisesInfographic_BB.png
dba0ed0a-de70-4ff6-815e-723057b6f41d,Ectopic Pregnancy,"In this infographic, learn about signs and symptoms of ectopic pregnancy.",https://oliviahealth.org/wp-content/uploads/2023/04/ectopic.png,https://oliviahealth.org/wp-content/uploads/2023/04/EctopicPregnancyInfographic_BB.png,https://oliviahealth.org/2023/04/18/ectopic-pregnancy/,infographics/dba0ed0a-de70-4ff6-815e-723057b6f41d-EctopicPregnancyInfographic_BB.png
67271063-8a9d-4cdb-9243-71f2a4e6b8e9,Babyproofing,"In this infographic, learn how to safely babyproof your house.",https://oliviahealth.org/wp-content/uploads/2023/05/Babyproofing-Infographic.png,https://oliviahealth.org/wp-content/uploads/2023/05/How-to-baby-proof-your-house-infographic_NC.png,https://oliviahealth.org/2023/05/04/babyproofing-2/,infographics/67271063-8a9d-4cdb-9243-71f2a4e6b8e9-How-to-baby-proof-your-house-infographic_NC.png
b36b8290-fa1a-40d8-87a4-62e4343159ea,Baby Fevers,"In this infographic, learn tips for taking care of your baby when they have a fever.",https://oliviahealth.org/wp-content/uploads/2023/05/Baby-Fevers-Infographic.png,https://oliviahealth.org/wp-content/uploads/2023/05/what-to-do-if-my-baby-has-a-fever-infographic_NC.png,https://oliviahealth.org/2023/05/04/baby-fevers-2/,infographics/b36b8290-fa1a-40d8-87a4-62e4343159ea-what-to-do-if-my-baby-has-a-fever-infographic_NC.png
e42d4b90-247f-461f-9a11-5d93ff403a1e,Baby Acne,"In this infographic, learn about how to recognize and treat baby acne.",https://oliviahealth.org/wp-content/uploads/2023/05/Baby-Acne-Infographic.png,https://oliviahealth.org/wp-content/uploads/2023/05/Baby-Acne-infographic_NC.png,https://oliviahealth.org/2023/05/04/baby-acne-2/,infographics/e42d4b90-247f-461f-9a11-5d93ff403a1e-Baby-Acne-infographic_NC.png
95692f0a-6c85-4cf9-8451-e81e63adf25d,Breech Births,"In this infographic, learn important signs and symptoms of breech births.",https://oliviahealth.org/wp-content/uploads/2023/04/breech.png,https://oliviahealth.org/wp-content/uploads/2023/04/BreechBirthInfographic_BB.png,https://oliviahealth.org/2023/04/18/breech-birth/,infographics/95692f0a-6c85-4cf9-8451-e81e63adf25d-BreechBirthInfographic_BB.png
1f7c895f-182d-401c-8ad6-447ca4690ebd,Calculating Due Date,"In this infographic, learn tips for calculating your due date.",https://oliviahealth.org/wp-content/uploads/2023/04/due-date.png,https://oliviahealth.org/wp-content/uploads/2023/04/CalculatingDueDateInfographic_BB_2.png,https://oliviahealth.org/2023/04/18/calculating-due-date/,infographics/1f7c895f-182d-401c-8ad6-447ca4690ebd-CalculatingDueDateInfographic_BB_2.png
b1a6dd20-af8e-4824-b432-24e3e10c62f6,Foods to Avoid,Learn about food to avoid consuming during pregnancy.,https://oliviahealth.org/wp-content/uploads/2023/03/Foods.png,https://oliviahealth.org/wp-content/uploads/2023/03/Foods-to-avoid-during-pregnancy-infographic_NC.png,https://oliviahealth.org/2023/03/07/foods-to-avoid/,infographics/b1a6dd20-af8e-4824-b432-24e3e10c62f6-Foods-to-avoid-during-pregnancy-infographic_NC.png
